CODGEO;SNHM18;SNHMC18;SNHMP18;SNHME18;SNHMO18;SNHMF18;SNHMFC18;SNHMFP18;SNHMFE18;SNHMFO18;SNHMH18;SNHMHC18;SNHMHP18;SNHMHE18;SNHMHO18;SNHM1818;SNHM2618;SNHM5018;SNHMF1818;SNHMF2618;SNHMF5018;SNHMH1818;SNHMH2618;SNHMH5018
01;14.2853385689463;25.0860883651573;15.1975021004232;11.0192990647413;11.531505050752;12.6748291030778;21.621226086718;13.8901358883669;10.7922458390263;10.2751214695121;15.4202287263031;26.663490062042;16.2233823457188;11.6815221629998;11.8610548489758;9.92741833465027;14.246770399368;16.2912001748361;9.55323322577294;12.7916970300092;13.7566578948274;10.1956911760339;15.2602523037559;18.1154390876899
02;13.1405923272314;23.6253701920476;14.9384484342009;10.6078213228314;11.5028879980825;11.8845953612079;20.4764029819512;13.6547376296404;10.3680410833535;10.2514961379608;13.8626880646029;24.9914588335741;15.8144814239114;11.1440191184535;11.7517748727636;9.7430672195678;12.9482392869886;14.9324004302605;9.39268792483588;11.8396596726725;13.0571158976182;9.97931606398632;13.5716818429128;16.0033789522037
03;12.7736106532773;23.3511934523364;14.4855747584792;10.2942847804496;11.1760027436164;11.6451586941557;20.1924491017573;13.5180179308101;10.1027509946451;10.3648089850456;13.5503530230685;24.8854717998993;15.1901482274195;10.8303950720888;11.356079760474;9.62409396426532;12.5275315871997;14.5899636926816;9.27278185065652;11.5338565607045;12.821020279619;9.87003084091701;13.1966090650461;15.8611313402095
04;13.2401452879668;22.6231771678388;14.6805023560505;10.4183905362133;11.2421539293478;11.977824747799;20.367948021504;13.3722255943341;10.2124152360686;9.78699914364143;14.1519661620627;23.7630244309588;15.7233311601291;10.8817299908989;11.5069436845061;9.66207341911093;12.9620201459387;15.2016141159325;9.41747910912728;11.8637632404185;13.1626223879619;9.84383118339935;13.7282283072542;16.7725517283309
05;12.6306405560192;21.1746613348076;14.1439760856152;10.4294917564294;11.3726457190588;11.6381393610175;19.020705780916;13.1806198318281;10.2716242257597;9.33100678436838;13.3787866472431;22.3963680674245;15.0336277962259;10.7561130689916;11.645871840574;9.62144570231803;12.3848891276411;14.4589684022131;9.20678968637082;11.4659118869405;12.9797564165667;9.92676810990037;13.0591146386571;15.6569799818291
06;15.1594334325144;26.5316576850936;15.632436064396;11.141462924924;11.5025812845671;13.5359152895437;22.8740810121199;14.5809229243912;10.9648293164698;9.98989484266266;16.4606006019099;28.5205386164815;16.6992062949462;11.4541704644323;11.7906478942378;10.1465644440513;14.8758899579687;17.8347091952634;9.71503622414773;13.5696111323594;15.0475520275799;10.5259752283771;15.8945845614594;20.1286715207376
07;13.3070987818509;23.788253375937;14.7531040384596;10.4540130740365;11.3467104345091;11.8629952116074;20.0850339199585;13.3655637855919;10.2631605041569;10.4049377679467;14.275603107854;25.3690249830991;15.7688680394383;10.9383570047594;11.5608098547331;9.67633039545048;13.0892970679029;15.2228210071831;9.38898341602419;11.8633929666886;12.8004088475091;9.86685892620715;13.8977429765145;16.9177866826864
08;13.1200155688638;23.392105975593;14.8688315379225;10.3822809213696;11.6997342235745;11.7627503663928;20.1987983900618;13.4503567276381;10.2000272231153;10.5567725012191;13.8962734420511;24.7506493782042;15.8309175302475;10.924648485097;11.8893060133241;9.7630732490521;12.9681483377151;14.6616508394342;9.31688321144064;11.8106814699192;12.6024867970453;10.0548972696237;13.6235431211097;15.8105202155741
09;12.5438414421515;22.5734440689125;14.1605404332049;10.0806777207017;11.075018740306;11.2107049245795;18.878613923748;12.7495550665674;9.94163794975183;9.66218561418791;13.4342894336854;24.1986260424433;15.266108741926;10.4334803432386;11.3174467157938;9.46813539613512;12.2707579456576;14.237367660153;9.18861459569132;11.1190020327885;12.0787473823059;9.64380011400932;13.0320944184623;15.7444701846491
10;13.0625921076775;23.616231000249;14.6182239892594;10.4185327978662;10.9848646158885;11.8306823546557;20.3709549164536;13.4365427778891;10.2495130763203;9.69381071622326;13.9269879572701;25.2737324271146;15.5343306694226;10.8518791470164;11.2807880007186;9.68048480825534;12.9904987036938;14.6508221202187;9.30491125156961;11.9043420564561;12.7225686085298;9.96144567369601;13.7308516132992;16.0649028167837
11;12.4679419637092;21.7571249490799;14.1812945927533;10.2291629030569;10.5912685908079;11.4723159314247;19.1054635939464;13.1627577574371;10.044119306725;9.2171018579265;13.1945357467569;23.0796562295719;15.0691369389303;10.6462383079259;10.8104122605028;9.39809113545938;12.2504600732376;14.1633687830745;9.21617652095144;11.3777485629964;12.5683308249084;9.53531708046697;12.880026126082;15.344805960936
12;12.5766624495695;21.8990545801346;14.1590398257305;10.299936774068;11.1088819042592;11.4921242123095;19.2914269740378;13.2004400906106;10.1130973375602;10.0656093141624;13.3676830921527;23.1445674123642;14.9533868204347;10.8591667773469;11.3041323958914;9.55102585591527;12.4518310729043;14.0106759794159;9.37172631119467;11.4344014933827;12.3360886829832;9.66962968495438;13.175121969864;15.3528373265428
13;15.3517592715687;25.9172673574363;15.7216369828612;10.8904442060227;11.6674040014336;13.4867935120583;22.230324673446;14.1144253125244;10.7003805918137;9.75224845151062;16.6803045712067;27.8643597416638;17.0981104291209;11.2482141986823;11.9966885274323;10.1256565963705;15.0719924192065;18.1803609984837;9.58868620544084;13.5755889250443;15.000292610647;10.5757167284094;16.1144731850065;20.423810297176
14;13.503221640518;24.3157040520119;14.745886892966;10.4937565502114;11.1005356131207;12.2189935872402;20.961897667234;13.5824026851177;10.3233960907681;10.0214057792397;14.4383643323383;26.0712779021105;15.7364086140078;10.9016306199853;11.3384789344557;9.70420773711156;13.3706360141343;15.6555613770603;9.32569024548072;12.2561002299905;13.5355964309247;9.99906486210127;14.1661694143711;17.2305785597313
15;12.006108760088;21.9107848133693;13.8659036614562;10.1876196414747;10.5697750226973;11.1219640936994;18.6770041296015;12.971100908509;9.99565319747737;9.68765225128706;12.679285784298;23.6253257225772;14.6732594645546;10.7526624832648;10.7572484123802;9.44932023673056;11.869496643363;13.3474029253784;9.23332253234526;11.0960027707272;11.8956926785045;9.60162310296626;12.4560201257076;14.4977994826536
16;13.2837436710582;24.3567045280131;14.8382967931163;10.5142205990505;11.2412836761064;12.0346786772184;20.5972042083563;13.8066856942567;10.3366191356096;10.2825304653261;14.1798816935869;26.268243129356;15.6874653258442;11.0579294577937;11.4689508672684;9.67755832938665;12.9206660746546;15.42455981657;9.43301243709226;11.9257532389229;13.2260643216161;9.8586085170773;13.6218845964316;17.0479634253702
17;13.0932799259103;24.27315765049;14.5606261140326;10.4771839496787;10.9160711191343;11.8910943682134;20.6685306902148;13.4452521286724;10.320428458317;9.74442750007128;13.9833510092333;26.0866417484068;15.4836606164834;10.8552678772526;11.1173104150816;9.45734754549172;12.9052519509087;15.172486973946;9.19853535833398;11.8762987550913;13.1188183539433;9.65779688913294;13.6501884673042;16.7500291023011
18;13.2221286951104;23.7079371523793;14.6472193777623;10.5352562778485;11.0771270333364;11.8578400150461;19.9127285034331;13.4237387369851;10.3787931752144;9.96635860159255;14.1557788200955;25.4293411135688;15.5363056782684;10.9805625740165;11.3399900734104;9.78511890963894;12.9385704035937;15.0701371989597;9.48775115414027;11.7748598749706;12.8629842899918;9.98870058303283;13.7236936408198;16.6285560629813
19;12.8565404533215;22.8377408992392;14.412304335472;10.282005051723;10.8950726958824;11.7113244060666;19.7496905602847;13.255635926592;10.112814235921;10.0671683714223;13.6697693703005;24.4271425297921;15.2864362734801;10.7570295714383;11.0867379730188;9.57619381776794;12.6979637806818;14.3870292494886;9.30170749547013;11.6668373510677;12.6173042264938;9.76657224041106;13.4082823144414;15.744010810342
21;14.1057312658497;24.4630529291716;14.8205186930309;10.8362716244283;11.3048235574153;12.6906161749703;20.9854655390013;13.6786982357826;10.6062235866024;10.1939532398551;15.1343501956205;26.3174672179316;15.7751730398368;11.3989497888473;11.5538369583834;9.80254633484396;13.8914531730057;16.5593253611285;9.40158318990284;12.6824747738854;14.205351053369;10.1153361428737;14.7473391536788;18.3301793429656
22;12.998421414444;24.103800756918;14.5605323372697;10.5061664087834;10.8326247867574;11.800539089807;20.7747111830036;13.4434267861672;10.3224769991936;9.84332887620634;13.8450921006837;25.6251554849094;15.4705791245598;11.0233632208167;11.0805281447584;9.66631639702749;12.8182538789308;14.9564697926665;9.40322562660809;11.780517011841;12.9059760122569;9.85107843724249;13.5427916070183;16.4555380014806
23;12.033345875916;20.4527304479454;14.101692332472;10.3433810208298;10.4576484176227;11.5052125727662;18.4917447272134;13.7182686942774;10.1998309624541;9.36719218898863;12.420754272172;21.5947961194941;14.4517533723503;10.753458806425;10.6428781431122;9.47266037055043;11.7957183591134;13.4493068146539;9.44295269319719;11.3389505339076;12.4905703041078;9.49280377327542;12.1176902992226;14.2332702106073
24;12.392544215424;22.1188019726153;14.0967376590492;10.3306744112091;10.7190447494257;11.4779262303799;19.1264272264091;13.1810577586667;10.1989819640316;9.69371793612506;13.0701616298287;23.7359991128372;14.8924434649332;10.6785509119826;10.9423520324531;9.38592527536382;12.0991174593708;14.1588735982971;9.2283333524607;11.3182733195841;12.602708931113;9.49450190117259;12.6735160545079;15.361809727
25;13.5469508205373;23.5829904706653;14.4992081886005;10.6056760807385;11.5049483639605;12.0222042648253;20.3181729661441;13.25358531071;10.4543274660086;10.4353779678601;14.6197492693367;24.9485716584324;15.4648453966841;11.0283567555327;11.8270074513021;9.93990726046615;13.4739116925765;15.452546858732;9.46846438490457;12.0962452643464;13.0902515352046;10.2914277783594;14.4183749297526;17.1731242376822
26;14.0018077646606;24.6524346689357;15.058790900908;10.7508914130027;11.2339166890199;12.3218085669768;20.9524655638633;13.5898286293552;10.482701184509;10.3061202784013;15.155120255334;26.2187833869275;16.10116409533;11.4344635606044;11.4731669328053;9.84234373794157;13.8303929027534;16.1996691539369;9.52889994510056;12.3750413580979;13.4179358222123;10.0743088526867;14.8021989550065;18.1777757323267
27;14.3061345579216;25.2566205277712;15.569129412412;10.9086475102263;11.8740762786774;12.8439768788174;22.0690815893204;14.2156568614103;10.7064037156217;10.7893286756784;15.2711620550345;26.8317041569313;16.5468495042945;11.4587848908662;12.1615661848074;9.92682792713208;14.0491948214071;16.6278974897658;9.62845797729588;12.802265671599;14.2320041049336;10.137016121832;14.8686579912106;18.1872305977322
28;14.4248739557103;25.4116234180865;15.2828128078971;11.078696769001;11.6401881662782;13.0126004025652;22.0689809150291;14.2515950387278;10.874178000872;10.7774817574538;15.3756144361524;26.9615797468791;16.0610512361414;11.5802647134483;11.8585111134702;9.91427204603085;14.1645357612031;16.803131127622;9.64949365354263;12.975556298715;14.4381899762735;10.1038747291239;14.9575360052522;18.3946866092086
29;13.3656149530484;23.6658973435253;14.3986992490589;10.4524897001674;11.040851598118;12.0686481395233;20.3229546794026;13.4602261130563;10.3047465169049;9.90620959669631;14.3222112987345;25.3286272213119;15.1801857014058;10.842832026223;11.2947428750882;9.59130304348891;13.1848916545803;15.4429199910079;9.37218662755185;12.091600949455;13.1331234039735;9.75383901492626;13.9722945751084;17.2483226311716
2A;13.2688312760319;22.6518004323875;15.681033341733;10.7347236160238;11.4279647849229;12.1547329873144;19.9525552279002;14.3323435263429;10.4885252079207;9.78828717654913;14.1086431838544;24.2372460855703;16.9351083095234;11.2129989412449;11.6606661637509;9.86626485360177;12.9225800265978;15.4386807996421;9.63685463507569;11.9904016272241;13.5742045544898;10.0394591837647;13.6342791727137;16.8019500118059
2B;12.9179389155326;22.0721654886998;15.050626593119;10.7213536207692;11.2681594039782;11.8954202605515;19.7284472231717;14.0335149313196;10.4103126903736;9.71367787475651;13.6864372435939;23.3838597349551;15.9728878609599;11.3678149946819;11.4656405472821;9.57767896513816;12.5650088290307;15.034503908476;9.42216589980594;11.7458143635679;13.2580357347177;9.70339018039326;13.1782881063755;16.3440016221466
30;13.7750594782377;23.9083394353602;15.0421558526179;10.4965428547934;11.3450722423977;12.1960272437014;20.5411047033091;13.5800709238777;10.2136878492541;9.95967506715958;14.8831440285322;25.5257679449741;16.179825274329;11.1557653427553;11.5704494320426;9.71270536296548;13.4623105647501;16.0033780158615;9.25542291595401;12.1890836398405;13.3247520092429;10.0532514780046;14.3445292771564;17.8980417167667
31;16.2163277079854;25.1637495067403;15.0193014148048;10.8461864296019;11.523061528636;14.0831092161274;21.9041015429692;13.8892966879846;10.7057318240821;10.0562299950197;17.6705692338065;26.6921147807222;15.9394524282019;11.1500746615006;11.7767547577761;10.1179850234842;15.7439541294022;20.3786870357258;9.57533620452467;14.12286563382;16.1677925336398;10.5277688384334;16.8308197579442;23.2505557578043
32;13.2988417297478;23.7217954876328;14.3425072396753;10.4689800349595;10.7329383213053;12.0096972680102;20.1806195718376;13.380605708624;10.3347309526863;9.65856653813757;14.2459404665057;25.3932268185156;15.1611310397291;10.8535871078518;10.9687991317303;9.46151753637831;13.1143119904487;14.9992489628429;9.30647322123514;11.9429357031659;13.0244508765568;9.57135309677368;13.9621473063679;16.5158960956339
33;14.8786030385418;25.2017562046501;14.9929722668819;10.8961464992937;11.2284062939852;13.1946149473206;21.5182543611371;13.917051043198;10.6889407072119;9.8595960355489;16.1426556477394;27.0982138738165;15.9695760849845;11.3694617501677;11.4691597839071;9.83556039055165;14.6600369728835;17.9354429265923;9.45676602795747;13.2788884235043;14.8363074699957;10.1463498691661;15.6822942106884;20.2573811285464
34;14.0533233359288;23.9757137142249;14.6967176846751;10.5457941747005;10.9064106336578;12.6691310135546;20.8933284663673;13.6619971744324;10.3365847618855;9.62457265488168;15.0945640320898;25.6058477166306;15.63619097957;10.958206782017;11.1005160630872;9.65486356838072;13.8545534184566;16.5423562002503;9.31752399030494;12.7301887289355;14.0497475852156;9.93861272910522;14.6696625158337;18.5130264151555
35;14.2004406161714;24.3986284234673;14.4101694991689;10.7300759424004;11.0342657881318;12.7131340364775;21.1127809945769;13.5694525163222;10.5574775942214;10.1113707772648;15.2422993106895;25.9185793922695;15.0930037230853;11.1578964619387;11.2610333344884;9.73089367224851;14.150908208853;16.6747073280268;9.46559401802538;12.8827268639213;13.9477435310434;9.92603275011303;15.0275452362082;18.6110372008257
36;12.5310501260373;22.242526016446;14.413730515423;10.3962258703335;10.9447005511146;11.6007717127757;19.4926234821837;13.3704852818244;10.2755877469897;10.4215665161467;13.2063670522923;23.5834282480895;15.2230080661155;10.7544776287918;11.0946745109035;9.6458004909582;12.3254630308935;13.9713465534086;9.41728918933701;11.4651231913001;12.5917467006231;9.80779408607589;12.9310305692559;15.0479438276947
37;14.2799369319405;24.9732491666553;14.7676377715078;10.7077874953487;11.1920858626373;12.7186877056783;21.2866743887066;13.7767385677686;10.5095037748237;10.25093696759;15.4124722735522;26.734036495469;15.567814812649;11.2185523926534;11.4024999651587;9.87671769968108;14.1622006720328;16.4358801841083;9.55994467455309;12.8480496099224;13.7198810872491;10.1141019156679;15.099346933363;18.4672607538367
38;15.6661468423744;25.6260023222859;15.5493451182203;11.0672072512391;12.0860274795245;13.6455331754097;22.2065045966003;14.2689946058612;10.8697008095653;10.5593134914236;16.9695866094733;27.1399558969896;16.4826950429172;11.546999147513;12.4223180010734;10.2827016094951;15.4108399610843;18.6290052658045;9.69074752204707;13.762211948974;15.1161248311191;10.6942385285714;16.4619364153894;20.8905913919534
39;13.1155895055042;23.2822932945056;14.737884565035;10.6146816783823;11.3767779903768;11.6269693839632;19.9416018969196;13.1350580836219;10.3500394675137;10.0565366491388;14.1347259305649;24.7730453973555;15.9282226453105;11.4278415632035;11.7427608037917;9.69078881977876;13.0456367709403;14.685813180428;9.29207583339697;11.7276937069753;12.3816530974598;9.97193569995979;13.9332948557445;16.3005948364622
40;13.1463585573209;24.0112885817428;14.5317070604004;11.0742805342072;11.0133995991734;12.1532999034733;20.3302458691861;13.4374494501949;11.0731248082999;9.67147090901581;13.8485096938496;25.8331266292963;15.4162558615063;11.0773444142539;11.2937732029052;9.47228870372197;12.7973926500571;15.4279009465786;9.29431577703439;11.7722209192297;14.1898727163;9.59788507409423;13.5214607988711;16.3062415196862
41;13.5397956010367;24.747621601131;14.9056431416331;10.6253856133955;11.2561745207834;12.2223185716633;21.5393495615167;13.7294209587015;10.4745674773114;10.3286417653135;14.476709679853;26.2491088168835;15.8408443373118;11.0484513155544;11.5081465926978;9.90559350724373;13.3031135542804;15.442433580566;9.60810604807785;12.1414596149406;13.3592658009309;10.1184430549872;14.1132660568054;16.9877036581217
42;13.5932428562167;23.560982094794;14.8922261689657;10.6514223753345;11.3905806936427;12.0603914704302;20.4018943159792;13.4052501053439;10.4321559400415;9.89899825674948;14.5769014653466;24.8657371244652;16.0347711330647;11.2457083086844;11.6858046668843;9.86927549628568;13.584907122727;15.3044602819709;9.44487081859977;12.1709798804961;12.9294765658824;10.1378486870479;14.4687817998862;16.9402413228542
43;12.5721739314826;22.0623087710753;14.1033754235265;10.3840630977491;11.0648150204257;11.4020424905667;19.7493357582407;12.9517342937249;10.1746462616249;9.7327563450345;13.3776451938417;23.0643380365048;15.0330617945082;11.0240700241323;11.3644886058478;9.59860898159027;12.5902022580653;13.8144884969996;9.24500601423913;11.4633133889021;12.1261409493327;9.82728401941891;13.3521402554378;15.0596068104083
44;14.7426795875532;24.1905991464982;14.7182163467954;10.8267419793654;11.4694540819504;12.936943119757;20.8752059069962;13.5668427673601;10.6138810688046;10.1532082958906;16.0018888226434;25.7092550955046;15.6279902327981;11.3776427424677;11.7585089177607;9.9337482902159;14.6873230458426;17.4766383607186;9.5075236013625;13.1494179235669;14.1845612766193;10.2573575891835;15.7363210693732;19.826040287397
45;14.3161786601049;24.8205263612933;15.2737760716011;10.8963866752088;11.4102973636326;12.9609311008049;21.7027854907867;14.2151146306274;10.7295183082678;10.5395091052837;15.2777699175483;26.3966302975594;16.1218161994101;11.3187122041153;11.6681689979782;10.0472196306959;14.055705287907;16.6968945171275;9.7507039658389;12.9041400616796;14.4085486247114;10.2690819001252;14.8544960499975;18.3790337586975
46;12.8086095010203;22.6043029777421;14.1377862511792;10.1659401623638;10.8285233180405;11.6896964887683;19.6515286304171;13.2314110742479;10.0462414568684;10.0030537312374;13.6756171538147;24.0735490213428;14.9578428105493;10.5109433884581;11.0098272064677;9.53449853110127;12.5879684573538;14.3993610357172;9.38465345987226;11.6104873248479;12.5343246466861;9.63575237918542;13.3237899820473;16.0076343169496
47;12.6248870299363;22.9563734603287;14.4892741699001;10.3469932019166;10.6931051970726;11.6086779251033;19.7804843504408;13.470280491896;10.1670508296506;9.73757628729904;13.3844364420088;24.6106780746727;15.3699992862837;10.8904968117825;10.9097472934562;9.53755840951339;12.3954779693505;14.3462885421213;9.20918353186325;11.54592584292;12.6166667163632;9.77375202157928;13.012746071217;15.7445561750515
48;11.8890855447743;19.6535249571032;13.5961479681552;10.281614540069;10.5895611555398;11.2817905010502;17.4842339179588;13.1682445423902;10.1095684299109;9.36309732288904;12.3813708623178;20.822106543327;14.0633587246854;10.7317029082423;10.7762214279058;9.4381737672825;11.7857698960295;13.2178570983542;9.37060725776001;11.2475022885491;12.0897748190962;9.48580482330701;12.2109014624968;14.2502259215629
49;13.2292673285241;24.0674235205373;14.4021791809749;10.513042420706;10.8781394116263;11.8741144595615;20.3592902488623;13.2506712566403;10.3287308537757;9.84377278984098;14.2001499615828;25.7929077999083;15.3306733741462;11.0399063635023;11.1587476916532;9.67613557586323;13.1739175773056;15.1597202811301;9.32786483553528;11.9851627150728;12.8556127727912;9.93418841732075;14.0064863220466;16.8845196619791
50;13.1685265572909;23.5346871144288;14.7126771721416;10.3223803366243;11.2907437367558;11.7097180446634;20.3732281940991;13.2259548730054;10.0869178385441;10.070330028651;14.1285772767575;24.9514627981545;15.7848705961155;11.0131569571241;11.555207731071;9.82935840588202;13.0160254232327;15.0489080771073;9.43881438893095;11.7212209701702;12.711397133972;10.0907852441999;13.8604187173898;16.6094248188939
51;14.2803014831735;25.3927510293458;15.2227939819392;10.7995700333186;11.8476565969388;12.8303309477585;21.5124543945617;14.0685428320649;10.6311693832931;10.595396727107;15.2986575206614;27.5641384831853;16.1989190259775;11.2171812281334;12.1111890298845;10.0267989174981;14.0534752414155;16.7303465328486;9.59290668944463;12.9019457536459;14.1716458848543;10.3711433342059;14.8509633139808;18.4969655798625
52;12.52921208088;22.5829227496713;14.390776913057;10.3159295024296;11.2247230891287;11.3913166246703;19.8387345076757;13.0732976396209;10.1276761786601;10.1096086718233;13.2146261625322;23.8579217060169;15.2958568168244;10.9021426040243;11.45333706593;9.7176295448104;12.3599776043313;13.9690689885722;9.37785062439028;11.3346729022396;12.3023440472238;9.93535869225372;12.9680901012668;14.9835983135675
53;12.8388057650645;24.0384550573503;14.3031941520832;10.450271730331;11.0250240800977;11.6485005555448;20.1942359467375;13.2368534489561;10.2760510263849;10.1154417883685;13.6335110586467;25.8634713368387;15.1142783064963;10.963475552552;11.299581910955;9.70393424274222;12.7728384911116;14.5873628061872;9.37552004367632;11.7491979705046;12.5159049075121;9.9171402338972;13.4631379939371;15.9539273068119
54;13.8538692853818;24.0401620540162;14.7608421441541;10.5407973044148;11.3676170746006;12.4327340388325;20.9319993927446;13.675698220561;10.3288083587371;9.70763272463389;14.8631741222334;25.5886840305706;15.7047714476189;11.0581043459422;11.6442371614443;9.71582357749791;13.6495990279286;16.1263216492173;9.41689898614698;12.4575094954551;13.7653405220678;9.96126744197475;14.4773925790316;17.7938675690459
55;12.8362838337648;23.1684436486216;14.6461683167171;10.3129492567516;11.4514322447332;11.5299389120285;20.0668732083299;13.1697374560559;10.1130029399808;10.0922863320098;13.6229371922982;24.6151763258408;15.7108884451771;10.8867196211122;11.6988927372996;9.74926689691331;12.6356863834944;14.4472045160999;9.36846435268022;11.4477301185222;12.5622317124672;9.98549961760077;13.3558909885918;15.5528530058966
56;13.2635979471767;24.7628419384656;14.5896765682478;10.5061387279036;11.0148157616213;11.9745495591667;20.9575596872756;13.6106721923251;10.314643769435;10.1150060618088;14.1808334767806;26.5418219034351;15.3839253737243;11.0243229280571;11.243357299164;9.57367150634501;13.1313845053512;15.1599375837598;9.28062900736234;12.0447131249598;12.9119142057043;9.78322019675998;13.885320879897;16.8602514172193
57;13.6035254175096;24.4582724809717;15.0214527938372;10.3144584687557;11.545918643086;11.8279381244965;20.8643561232761;13.4154783486055;10.0804287629099;9.93822212936103;14.8730722365585;26.0341610188693;16.2806141117931;10.9859807625774;11.8942542044796;9.73687052342567;13.358905255512;15.7251631508794;9.29548634870411;11.8595880191787;12.8471925906218;10.1070722376285;14.3896572452399;17.8399549139897
58;12.6331766765545;22.8138902777241;14.3906699957738;10.1799889634334;11.0111336212398;11.5092024513041;19.9791874889675;13.2941326631402;10.020106825822;9.91288576655108;13.4013997672297;24.1585033609367;15.2278901867378;10.6171290628524;11.234982431025;9.74679389918855;12.4101682760377;14.1990924868258;9.36804719966495;11.370673884391;12.5630313159416;10.0059184733708;13.0969967747211;15.3998993466623
59;14.348082401545;24.5722678452494;14.7162165296699;10.6563728856011;11.1940389617705;12.8707845083233;21.2708841527204;13.5527174398787;10.4225898445668;9.67844205254555;15.2876693268158;26.2261504651402;15.6570238251434;11.1140373354431;11.4628349462367;9.99110619788327;14.2060276161418;16.8699726604549;9.55761025686567;13.0352475089082;14.165758569979;10.3139043274018;14.9428593101015;18.513106807596
60;15.1827824680213;26.8705186846911;15.8171295481978;11.2952823357254;12.0592048306405;13.5155444091754;22.8355978324131;14.6111582188821;11.0686256514146;10.8040417069071;16.2863233635825;28.8707745264752;16.7311186479964;11.7925408748853;12.3502698142924;9.95404606875894;14.8636350604835;18.1115736643964;9.60711884905847;13.5101671006471;15.2747803115373;10.2190139917212;15.7579264374213;19.8918435233725
61;12.4469993868294;23.1272778385489;14.1697483787914;10.2591896558955;11.0188280743603;11.4515864722567;20.2206059979073;13.2168422858285;10.140005848451;10.2113702522026;13.146647213409;24.4731650787291;14.9789341460425;10.6423003109966;11.2409732647997;9.65089005272234;12.2797284977087;13.8923038747868;9.378676416356;11.3962039105379;12.3210002855517;9.83691736331109;12.8819913091463;15.0840952383041
62;13.0862290089192;23.5805204278161;14.6962682492915;10.4844591224985;11.3062730099383;11.7558520478979;20.2408513347468;13.4271807873508;10.2117939320934;9.8700888023696;13.8372320612927;24.9303048097382;15.5611610771969;11.0790806576581;11.5249273520484;9.78724953325144;12.9254311249934;15.0863948027601;9.495842327568;11.7873529462245;12.8605818404139;9.98042282252787;13.5610057067993;16.2867564101817
63;14.3086574200266;25.1469727185967;14.9047770972211;10.711030395089;11.3583285990142;12.8069960721037;21.5795651306852;13.7893436514119;10.5102252256616;10.1511535273763;15.324645295334;26.929498043053;15.7913490787641;11.203602746403;11.6010827053316;9.80495269981417;13.9946305976813;16.9602095632203;9.43766748291401;12.8537799384262;14.0980214108987;10.0683699948633;14.7524407836538;18.9420198298144
64;14.2048386453149;26.0190812097915;15.1212666344433;10.6907064134057;11.3992026992201;12.458789953652;21.525829439444;13.7852611517457;10.4861435692749;9.98753733104084;15.51164775329;28.1906583400528;16.2190896614906;11.2138449670614;11.657014927295;9.71966564246888;13.8119575503561;16.783215159242;9.46286287039875;12.3994613084935;13.670841186215;9.91036890464654;14.8555295961763;19.191794353012
65;12.574087360648;21.7679514532846;14.3666319549923;10.1894641811766;11.0317503673759;11.396935467956;18.7591309298809;13.2664524411862;10.0568202022398;9.75666254487895;13.4966027548513;23.2674797594314;15.2358474269833;10.5434408201238;11.252338236293;9.5657390216006;12.3271360711808;14.0440762350115;9.38159875029897;11.2848019520822;12.2019333381884;9.70126781651304;13.1143215773958;15.6319055095162
66;12.6532544572073;22.334727325831;14.1247104621346;10.4394221090384;10.7806643534282;11.7155358558256;19.4824131469153;13.2809308258434;10.2432452666634;9.44801819560215;13.3952965051344;24.0002912886522;14.9407439043106;10.8416201093971;11.0242877166022;9.4327283624934;12.421181106367;14.4064584997148;9.32185338617967;11.6008841008167;12.8949642366733;9.52826364180522;13.0522961594073;15.6456286104508
67;14.5307335046365;24.9444792905109;15.1222500706311;10.8010312659417;11.7544863185413;12.8892772847265;21.7786373933874;13.8999371499397;10.5815764092072;10.4753749578498;15.7199594755001;26.5066513568159;16.1879813288792;11.3531926313044;12.0564670507874;9.91380823710967;14.2745399600896;17.1969703803589;9.48263354643994;12.9570810820113;14.2656963789896;10.2545942839437;15.209082547522;19.3541838642953
68;13.9516379522783;24.875394086568;15.1351600968953;10.6088230320222;11.7824193426601;12.2184099108421;21.1245224164373;13.7113267434794;10.3810242001452;10.2679128757544;15.1802174514924;26.5704392796029;16.3054438417887;11.2529781861793;12.1151536781175;9.83979330296693;13.758614061023;16.1785674928396;9.36776040565504;12.2452167709054;13.4093715548994;10.2040581419869;14.8057885315204;18.1877561723579
69;16.3479601729662;26.602388614835;15.2969063055496;11.1863509824942;11.3485250953071;14.4824023353992;23.0029624577675;14.2962442920458;11.0192958494062;10.1393617423741;17.6903009342659;28.5346443946866;16.1855543899061;11.5179538010409;11.5870004361407;10.3782425702092;16.1330512061158;20.0969832399985;9.76527515314264;14.7635820719818;16.2725253523101;10.8757361397638;17.0915796840034;22.9004737343371
70;12.8548747398436;23.1043326861369;14.2727197521995;10.5141612317573;11.2483455686048;11.6852754811876;20.3799057905238;13.1076230304523;10.3340801755046;10.1747255031123;13.6236934010587;24.3023623813954;15.1987254066895;11.1500188869413;11.5064406860253;9.78607707951705;12.8062690723548;14.1378822213368;9.44571236409842;11.7006007178594;12.5279146904943;10.0231950998958;13.5226260213995;15.2082532074289
71;13.3201437630418;24.2441431364325;14.746192211765;10.4509939269001;11.4760764321247;11.7448781017587;20.5477550332322;13.3292118292471;10.2288613723963;10.043803931653;14.3562089032121;25.8153656966863;15.7866601202381;11.1332160080041;11.7850825177745;9.78610577043765;13.1789056206485;15.0433351909356;9.35405896374005;11.7973099463377;12.5683089842652;10.071113480756;14.0762949577069;16.7152970818557
72;13.5067460174238;24.6681804258935;14.6883385841621;10.6609558454403;11.3334626584731;12.1918588107906;21.2791314910903;13.6555733629911;10.4721621455853;10.3045050830367;14.3974044812268;26.245283754747;15.4959290402638;11.1784847256125;11.6031186337523;9.81583692796256;13.3516016273582;15.5063244809231;9.54820867180293;12.2126564148223;13.3378856301405;10.0108240431547;14.1127141106576;16.9787274133785
73;14.7901822200152;25.1700294451541;15.3660560957049;11.2026817013518;12.7715365209425;12.8113388006338;21.1729714452201;13.9538586231935;10.916415275191;10.4911061471133;16.0889659105971;26.9923179686367;16.4085360853324;11.8937843003043;13.1778002950391;10.3537082734951;14.6156073774997;17.1898656722956;9.5642329868833;12.8781343547588;14.0746694587407;10.8796259773352;15.7396571486891;19.2950421817012
74;14.6071453935246;25.4775170262841;15.2947964102559;11.1442950688012;12.3949974749583;12.9259122589483;21.5770808290376;14.1270704290122;10.9680908227991;10.9108156497515;15.8575218174751;27.4495998734265;16.311727402528;11.5600134680701;12.7708373209719;10.2168564347405;14.5944435763331;16.8710130506965;9.72773020775778;13.1386880850586;13.9818222887958;10.5750161447263;15.6636336202237;19.1059517329617
75;24.5616921197463;35.0679728213401;17.5190579161094;12.1394821010279;11.1106370891415;21.2626667510368;29.4154253402529;16.2985165623876;12.0781795349678;10.5510899765656;27.3893874447165;39.5855158454638;18.9419443990414;12.2158875805523;11.2470795377401;12.1365008754314;23.7985255989688;31.7603784099399;11.6038135031052;21.5405497683972;24.7848617355517;12.7438625050622;25.6645699948669;37.7380344771585
76;14.4340240701245;25.3192650455994;15.6146960584889;10.7900940674287;12.0784026508637;12.7192105451837;21.4860521645279;14.1042955606856;10.5677944700426;10.4397443527572;15.5160928924331;27.1833678020127;16.6776691857439;11.3466545369605;12.3775587864552;10.1081944235546;14.2209839770415;16.923645750266;9.59025071204754;12.7844704184179;14.0231177459991;10.4723780660199;15.1087489379052;18.7668038660173
77;15.913646552756;25.8696898140221;16.1282476983893;11.7456771831834;12.3122636306486;14.3851022298765;22.6335662550587;15.1203807779564;11.5913229828895;10.5631874761964;16.9997811840468;27.6681616088406;16.9593479954521;12.0350655923864;12.6533787139315;10.2827508619204;15.5808973934261;19.0823800578341;9.89930048241026;14.3785922966142;16.4702451621545;10.6019533678865;16.4357369610483;20.8184204171384
78;21.5399826585213;33.583080985183;16.7648635688745;11.9702674183587;11.9390644828866;18.1935199608125;27.5047609037025;15.9104772050474;11.9323399236069;10.2516839831112;23.8933737438131;37.0166237709576;17.5776037173744;12.0345385469224;12.2228121450404;10.742916140162;20.1761611208082;28.274909595267;10.2798268675867;18.0040778591132;21.4835013646272;11.1337709876373;21.6962401284414;32.8371583650672
79;13.6102483228119;24.8968524457946;14.6295193774212;11.1917143166546;10.7705729237891;12.9466204857042;23.4659544952453;14.0441366600188;11.0282851053157;9.74279842954783;14.0803280330252;25.706059992076;15.12048447765;11.6830157680664;11.0173914871001;9.70012301296035;13.4814879164973;15.5028239137475;9.45984284989141;12.916134356168;14.3592038169508;9.86213370421051;13.8794216129551;16.3418980302505
80;13.3228576724492;23.5597398837103;14.775728294934;10.4915895380893;11.3822598891559;11.962665756841;20.4630619109492;13.4625958331129;10.2642010567712;10.1048511451599;14.1484558002742;24.9637113435207;15.6914250557047;11.0004517991022;11.6573316137994;9.86394079274463;13.2142455441855;15.1629294708413;9.42177782665938;11.98893274409;13.1153521731588;10.164033628264;13.9494483059034;16.3827819362542
81;13.3068679223963;23.50208543324;14.5124602520369;10.3882028020955;10.8774999544458;12.0300368450668;20.5325412672307;13.4743238643517;10.1979928544185;9.63182092781793;14.2521181230032;24.8879486854921;15.4600004044211;10.9014113955211;11.1002399633006;9.59970777602202;13.1026512425442;15.047803751347;9.2896267056598;11.9739783357345;13.0304735964743;9.81591999771813;13.9238272261513;16.6337629222573
82;13.1277761009176;23.0091526741259;14.5533631345705;10.3942896957512;11.032793543418;11.7632361844845;20.0994111540351;13.295992864659;10.2227821100243;9.77718188546188;14.0612043673195;24.2527450356061;15.4609978129325;10.8836367619939;11.2824296702057;9.43109182149719;12.9954115614228;14.9228459861505;9.13226455668976;11.7547703369742;12.8327794058725;9.64273753412598;13.835431582398;16.3708481368039
83;13.8346694896756;24.2725786374877;14.8650105498783;10.6994654367654;11.2254622632571;12.3844691831893;20.8737871132756;13.7611766043611;10.4835764835021;9.85823094799683;14.967112133857;25.9232125177837;15.880833896107;11.1624553373858;11.4329289299496;9.68297791512999;13.5472313611281;16.1734881264198;9.42581594348184;12.3605250111302;13.6673173300084;9.89853881638216;14.4590078528896;18.1490712656188
84;13.6071250905053;24.1813314706194;14.8003455983852;10.5875912919875;11.0312352224442;12.165721509775;20.6861220268961;13.5527332823327;10.3581041018085;9.68991756570286;14.597524624451;25.8341845581947;15.7790874569924;11.1159268064224;11.2931389246974;9.56135425031465;13.2992260784884;16.0809179589628;9.3321706301159;12.1335257241514;13.4943679924187;9.7349597138636;14.0773482799314;17.9102809804603
85;12.722745695312;23.6097250489207;14.1899645940981;10.5521977965994;11.072210978599;11.5260844147897;20.1584715758351;13.1161291585661;10.3275958783391;10.3171118639967;13.5484576516346;25.0098567855214;14.9692441914495;11.2362030339994;11.2851121215104;9.60331772534299;12.7037928765276;14.302691063928;9.29307354636175;11.6017829218934;12.4093880642795;9.82188812795384;13.4494551146031;15.6657319617662
86;13.1762403832681;23.5346277694521;14.4356197708814;10.3693644406926;11.0225429922987;11.9454828122256;20.326648293121;13.4418809288826;10.2272137634619;10.042478746733;14.060858550866;25.0830419424468;15.2105813805371;10.7199736570063;11.2410994686851;9.66025137059508;13.0238364821278;15.1065695866339;9.35166950411399;11.9040127554581;13.2154956471643;9.89498118476049;13.8170031301497;16.4829063148428
87;13.2753876683554;23.0342277413523;14.3160125074453;10.4377826174412;10.9891259070504;12.2231096731983;20.0499506279682;13.5502664587001;10.2974594206049;9.96027823961737;14.0117988434574;24.680213125835;14.9371401664536;10.7710718497686;11.20214751649;9.56519231398226;13.0165726879223;15.357988857384;9.31311481928982;12.101870907875;13.6123908861892;9.74382728349463;13.6388295393041;16.6584930559734
88;12.8894570884713;23.31907943044;14.512231089929;10.3469399028473;11.3198945464453;11.5404778008907;19.8400365792449;13.2280739707038;10.1354791667788;10.0658228694019;13.7476020427518;24.8838022327318;15.4424325297902;10.9541784852015;11.6033321074801;9.6082037329237;12.7357569355206;14.4608068842901;9.26440990898721;11.5438902951765;12.397069054486;9.83775917072371;13.4786531263895;15.8094673594453
89;13.1266916585898;23.6712938008074;14.8743314300711;10.5744253153564;11.2752046333939;11.8880161116713;20.3850345100723;13.6261645213368;10.3777120115764;10.2732774588788;13.9636640170195;25.2115540118917;15.8182142004481;11.1259633674182;11.5087787054258;9.92079421104089;12.8910133079428;14.9764982458756;9.51620027270576;11.8187431486785;12.9935786816973;10.200569833907;13.6029381001833;16.3609804095751
90;14.9321458632019;25.8020432157769;14.7245288169943;10.4970870529316;11.7102053720187;12.6776142605412;21.6385099226599;13.5427438531358;10.320896589711;10.3819730579124;16.3552558165082;27.3354426548869;15.6204601583021;10.9889608750271;12.045449022324;10.1566096314081;14.6907532298321;17.4113526483137;9.74024486565888;12.8455910964604;13.5549902746682;10.4648422213856;15.833909513122;19.8015761948035
91;17.0473090074674;27.3685541482952;16.1755078352075;11.7153969608502;11.9991324546589;15.4490443135144;24.1548198690992;15.3673144078088;11.6401172997126;10.307206082841;18.1420302640394;29.1520287711298;16.8719129813465;11.848814315867;12.3019185586176;10.3933921583729;16.3330177433878;21.3424182679484;10.1320141076541;15.2027529360832;18.3078934072588;10.6070423004211;17.0983290446621;23.3465950218285
92;24.0130648812424;33.9819115815401;17.2884121992693;12.3289183034501;11.6216834562988;21.2183068381616;29.4531160258048;16.7157716478108;12.3059321219702;10.43609523343;26.2946592094639;37.2884679596099;17.9401999402132;12.3617577692452;11.8516757039179;11.372511980792;23.169279707159;30.6476662375475;10.9549046499109;21.2318644394094;24.9077745221752;11.78036794242;24.7317293689761;35.228890838025
93;13.9346452582287;23.7000259103102;15.1934068588887;10.9129544512555;11.0721736382425;13.7061734865358;22.3176637303178;14.8251277340843;11.0334376728451;9.9277831599169;14.0774237298361;24.6104105384005;15.513659493431;10.7738207822106;11.2959910662729;10.0734577984772;13.9559613899283;15.5531284721851;9.90505420966685;13.9212519071129;15.0791380641334;10.2153266628196;13.9768250563871;15.8432122756462
94;17.5718891741421;27.7121076753153;16.1502745388246;11.7020162615926;11.630619608953;16.3830432462047;24.8836818059386;15.6568397860311;11.6851958891197;10.224873238971;18.4522973975429;29.6252886129997;16.6332982096111;11.726481585558;11.8899985127967;10.5500187213134;17.2669235596091;21.0335653950624;10.2861374505475;16.4086803893325;18.9055742927951;10.7876104684422;17.8947832163489;22.5472542912513
95;16.1387870177657;26.4906011687247;16.0163539513492;11.5840623830913;11.7727922553931;15.0164978823114;23.5574239757318;15.4094071063869;11.6183412014734;10.2228151368656;16.919513558264;28.2556801712733;16.5532251009868;11.5311971890253;12.056519522241;10.199010467896;15.7626878838078;19.4924746242233;9.98874793723364;14.9821414684812;17.3702791134608;10.3814482770408;16.2910799658319;20.9467495264365
971;14.4881905344179;27.8078977080149;16.4628786395361;11.6353313332001;11.4164683045999;13.7304947884334;24.566964164546;15.8890941869291;11.4208477390038;9.75502174886281;15.1689345464572;30.2335065396558;17.1092921845388;12.0716663502975;11.6776485424642;9.4174030751278;13.9480675134827;16.6785292841774;9.55894389704635;13.436708099309;15.1978389462742;9.31041122402148;14.4255875599099;17.9645711989339
972;14.2770499628716;27.6549309850244;16.093479220531;11.4793114557318;11.395288664422;13.501802157263;24.3317068691199;15.4319100989928;11.3099938120074;9.66374308102803;14.9686985987749;30.2814534855512;16.8408963246521;11.8214105561626;11.7358550892103;9.49845617770075;13.8173675450984;15.9961512504607;9.49788779953273;13.2761419500687;14.6529751090401;9.49889963968696;14.3221915651523;17.1351538500069
973;14.7240692753581;28.0112395986164;17.2449843203069;11.3200769619847;11.3393926312071;13.8297605377115;24.2090532612066;15.7275803404759;11.2800466647226;9.40443827650087;15.264737278614;30.2002008788115;18.4458661116891;11.3809596551;11.5503937448818;9.64232140301205;14.1811741230826;18.3188215411123;9.52176360964368;13.6667398542005;16.7175798266075;9.72374042415686;14.5181691587399;19.0576726649974
974;13.2965713414301;26.2503298702495;15.3026042269652;10.8170841013973;11.1085397851616;12.6958632156036;23.0247824699778;14.6619654026197;10.7200262520148;9.36373148314283;13.6878911554036;28.2239262164142;15.8930884309405;10.9604544339939;11.2901438741944;9.01398583418094;13.1309044941752;16.0339119739795;8.92056142066859;12.7982647279573;14.6076221431003;9.08245198343876;13.3532278415074;16.8360904041466
